time,seconds_elapsed,z,y,x
1776820795333505300,0.04550537109375,0.9780426025390625,0.2411651611328125,0.0098419189453125
1776820795343546000,0.055546142578125,0.972625732421875,0.25738525390625,0.0036468505859375
1776820795353587200,0.065587158203125,0.976043701171875,0.25634765625,-0.0034942626953125
1776820795363629000,0.075629150390625,0.9622802734375,0.26336669921875,-0.0007476806640625
1776820795373670100,0.085670166015625,0.96160888671875,0.2514190673828125,0.002899169921875
1776820795383711000,0.0957109375,0.9459381103515625,0.25689697265625,0.003143310546875
1776820795393753000,0.105753173828125,0.943115234375,0.2569580078125,0.0030364990234375
1776820795403794200,0.115794189453125,0.9493408203125,0.25250244140625,-0.0003662109375
1776820795413835000,0.1258349609375,0.960296630859375,0.2493743896484375,-0.0030975341796875
1776820795423877000,0.135877197265625,0.9670257568359375,0.2438201904296875,0.0077667236328125
1776820795433918200,0.145918212890625,0.9700164794921875,0.240814208984375,0.0124969482421875
1776820795443959300,0.155959228515625,0.961883544921875,0.2395477294921875,0.0098876953125
1776820795454001200,0.166001220703125,0.9595489501953125,0.23834228515625,0.0098724365234375
1776820795464042200,0.176042236328125,0.9503173828125,0.24041748046875,0.0079345703125
1776820795474083000,0.1860830078125,0.9433441162109375,0.2427825927734375,-0.0001068115234375
1776820795484125200,0.196125244140625,0.9484100341796875,0.244384765625,-0.00738525390625
1776820795494166000,0.206166015625,0.9567108154296875,0.242340087890625,-0.0043487548828125
1776820795504207000,0.21620703125,0.9574127197265625,0.2328643798828125,0.0025634765625
1776820795514249000,0.2262490234375,0.95953369140625,0.2318878173828125,0.0028839111328125
1776820795524290000,0.2362900390625,0.9659423828125,0.2326507568359375,-0.0022125244140625
1776820795534331100,0.2463310546875,0.96771240234375,0.2371063232421875,0.0007476806640625
1776820795544373000,0.256373046875,0.960723876953125,0.234893798828125,-0.0015869140625
1776820795554414000,0.2664140625,0.962860107421875,0.237396240234375,-0.01025390625
1776820795564455000,0.276454833984375,0.9653472900390625,0.241485595703125,-0.0137786865234375
1776820795574497300,0.286497314453125,0.958343505859375,0.24078369140625,-0.0093536376953125
1776820795584538000,0.2965380859375,0.9628753662109375,0.238372802734375,-0.0042877197265625
1776820795594579200,0.3065791015625,0.9687347412109375,0.238037109375,-0.0017547607421875
1776820795604621000,0.31662109375,0.9747314453125,0.2371826171875,-0.0110015869140625
1776820795614662100,0.326662109375,0.9759368896484375,0.2407989501953125,-0.015106201171875
1776820795624703200,0.336703125,0.975677490234375,0.2389068603515625,-0.011871337890625
1776820795634745000,0.3467451171875,0.972564697265625,0.23779296875,-0.0042266845703125
1776820795644786200,0.3567861328125,0.9752044677734375,0.240264892578125,-0.0001983642578125
1776820795654827000,0.366826904296875,0.984466552734375,0.239898681640625,-0.0008697509765625
1776820795664869000,0.376869140625,0.98248291015625,0.2417144775390625,0.0008392333984375
1776820795674910000,0.386909912109375,0.972808837890625,0.24151611328125,-0.0008697509765625
1776820795684952300,0.396952392578125,0.9595794677734375,0.242645263671875,-0.0064239501953125
1776820795694993200,0.4069931640625,0.953826904296875,0.2412872314453125,-0.0058135986328125
1776820795705034200,0.4170341796875,0.95953369140625,0.2426910400390625,-0.0078125
1776820795715076000,0.427076171875,0.9674835205078125,0.2411346435546875,-0.0135650634765625
1776820795725117200,0.4371171875,0.971435546875,0.2268524169921875,-0.0121307373046875
1776820795735158300,0.447158203125,0.97406005859375,0.2308807373046875,-0.012359619140625
1776820795745200000,0.4572001953125,0.9713897705078125,0.2309722900390625,-0.0160064697265625
1776820795755241200,0.4672412109375,0.949615478515625,0.2529144287109375,-0.00506591796875
1776820795765282000,0.477281982421875,0.925628662109375,0.247772216796875,0.001312255859375
1776820795775324200,0.48732421875,0.911834716796875,0.247467041015625,-0.00262451171875
1776820795785365000,0.497364990234375,0.9124755859375,0.2455902099609375,-0.0172576904296875
1776820795795406000,0.507406005859375,0.9325408935546875,0.248565673828125,-0.0362396240234375
1776820795805448000,0.517447998046875,0.9606781005859375,0.2577667236328125,-0.0425262451171875
1776820795815489000,0.527489013671875,0.979095458984375,0.2563323974609375,-0.0393524169921875
1776820795825531100,0.53753125,0.975555419921875,0.25311279296875,-0.0229034423828125
1776820795835572200,0.547572265625,0.9631195068359375,0.262054443359375,-0.00360107421875
1776820795845613300,0.55761328125,0.9611358642578125,0.261993408203125,0.0084381103515625
1776820795855655200,0.5676552734375,0.9652862548828125,0.2642364501953125,0.018310546875
1776820795865696300,0.5776962890625,0.9631500244140625,0.260772705078125,0.02545166015625
1776820795875737000,0.587737060546875,0.9630584716796875,0.259765625,0.0257720947265625
1776820795885779200,0.597779296875,0.9695892333984375,0.2659759521484375,0.01385498046875
1776820795895820000,0.607820068359375,0.967315673828125,0.270599365234375,-0.000335693359375
1776820795905862100,0.617862060546875,0.9636077880859375,0.267486572265625,-0.00726318359375
1776820795915903000,0.627903076171875,0.9572296142578125,0.2606964111328125,-0.013702392578125
1776820795925944000,0.637944091796875,0.9553375244140625,0.264678955078125,-0.019744873046875
1776820795935986000,0.64798583984375,0.963470458984375,0.262969970703125,-0.024505615234375
1776820795946027000,0.658027099609375,0.9682159423828125,0.26141357421875,-0.02276611328125
1776820795956068000,0.668068115234375,0.9705657958984375,0.2566375732421875,-0.01434326171875
1776820795966110200,0.678110107421875,0.9774017333984375,0.2627105712890625,-0.0099334716796875
1776820795976151300,0.6881513671875,0.972442626953125,0.25640869140625,0.000701904296875
1776820795986193200,0.698193115234375,0.972930908203125,0.2432708740234375,0.0139007568359375
1776820795996234200,0.708234130859375,0.96844482421875,0.242034912109375,0.0108489990234375
1776820796006275000,0.718275146484375,0.9642333984375,0.245819091796875,0.00335693359375
1776820796016317200,0.728317138671875,0.9588775634765625,0.2408599853515625,-0.0039520263671875
1776820796026358000,0.73835791015625,0.9480438232421875,0.2386474609375,-0.00799560546875
1776820796036399000,0.748399169921875,0.9434967041015625,0.248321533203125,-0.021453857421875
1776820796046441000,0.75844091796875,0.937591552734375,0.2523345947265625,-0.036041259765625
1776820796056482000,0.76848193359375,0.941375732421875,0.2494659423828125,-0.0379486083984375
1776820796066524200,0.778524169921875,0.9466552734375,0.2525482177734375,-0.042266845703125
1776820796076565200,0.788565185546875,0.9588775634765625,0.2456207275390625,-0.04119873046875
1776820796086606300,0.7986064453125,0.969818115234375,0.243408203125,-0.0348358154296875
1776820796096648200,0.808648193359375,0.9708709716796875,0.243499755859375,-0.0342254638671875
1776820796106689300,0.818689208984375,0.9754791259765625,0.2421875,-0.038177490234375
1776820796116731100,0.828731201171875,0.9722900390625,0.244476318359375,-0.0348052978515625
1776820796126772200,0.838772216796875,0.9600067138671875,0.2418975830078125,-0.0270233154296875
1776820796136813000,0.84881298828125,0.9496307373046875,0.239013671875,-0.0226287841796875
1776820796146855200,0.858855224609375,0.9325103759765625,0.2436370849609375,-0.02618408203125
1776820796156896000,0.86889599609375,0.9336395263671875,0.2451171875,-0.0345916748046875
1776820796166937300,0.878937255859375,0.9466552734375,0.24688720703125,-0.034393310546875
1776820796176979200,0.888979248046875,0.9497528076171875,0.245941162109375,-0.030426025390625
1776820796187020300,0.899020263671875,0.956939697265625,0.24493408203125,-0.029693603515625
1776820796197062100,0.909062255859375,0.96356201171875,0.2474212646484375,-0.0255279541015625
1776820796207103200,0.919103271484375,0.96240234375,0.243133544921875,-0.0218353271484375
1776820796217144300,0.929144287109375,0.957122802734375,0.2496185302734375,-0.0204925537109375
1776820796227186200,0.939186279296875,0.9504547119140625,0.255615234375,-0.015960693359375
1776820796237227300,0.949227294921875,0.9493560791015625,0.257049560546875,-0.016754150390625
1776820796247269000,0.95926904296875,0.951904296875,0.2607269287109375,-0.0146636962890625
1776820796257310200,0.969310302734375,0.9610595703125,0.2592315673828125,-0.0111236572265625
1776820796267351000,0.97935107421875,0.971832275390625,0.25909423828125,-0.0129852294921875
1776820796277393400,0.989393310546875,0.98028564453125,0.26116943359375,-0.0126800537109375
1776820796287434200,0.999434326171875,0.982574462890625,0.2643280029296875,-0.0133209228515625
1776820796297476400,1.009476318359375,0.9774627685546875,0.2588348388671875,-0.0119781494140625
1776820796307517200,1.01951708984375,0.9696807861328125,0.2542572021484375,-0.0052032470703125
1776820796317559300,1.029559326171875,0.9635467529296875,0.250823974609375,-0.0031890869140625
1776820796327600000,1.03960009765625,0.957977294921875,0.2467193603515625,-0.0045318603515625
1776820796337641200,1.04964111328125,0.949798583984375,0.2470855712890625,-0.0029754638671875
1776820796347683000,1.05968310546875,0.9463958740234375,0.2458953857421875,-0.0101776123046875
1776820796357724200,1.06972412109375,0.9473876953125,0.2449951171875,-0.0164031982421875
1776820796367766000,1.07976611328125,0.9457550048828125,0.2463531494140625,-0.0160369873046875
1776820796377807000,1.08980712890625,0.9532928466796875,0.2447357177734375,-0.0164031982421875
1776820796387848200,1.09984814453125,0.9627685546875,0.2454986572265625,-0.0244140625
1776820796397890300,1.109890380859375,0.9672393798828125,0.2463836669921875,-0.0264892578125
1776820796407931400,1.119931396484375,0.9601593017578125,0.246185302734375,-0.023406982421875
1776820796417973200,1.12997314453125,0.9576416015625,0.2451629638671875,-0.024078369140625
1776820796428014300,1.140014404296875,0.9589996337890625,0.248626708984375,-0.021759033203125
1776820796438056200,1.15005615234375,0.9537811279296875,0.248199462890625,-0.0262298583984375
1776820796448097300,1.16009716796875,0.95098876953125,0.2523651123046875,-0.0271759033203125
1776820796458138000,1.17013818359375,0.9552154541015625,0.2531585693359375,-0.0213775634765625
1776820796468180200,1.18018017578125,0.9624176025390625,0.24945068359375,-0.0169525146484375
1776820796478221000,1.190220947265625,0.967803955078125,0.2506561279296875,-0.012908935546875
1776820796488263200,1.20026318359375,0.967803955078125,0.2514495849609375,-0.011138916015625
1776820796498304300,1.21030419921875,0.9695892333984375,0.25445556640625,-0.01275634765625
1776820796508345000,1.220344970703125,0.9702911376953125,0.2566070556640625,-0.0120697021484375
1776820796518387200,1.23038720703125,0.960723876953125,0.255279541015625,-0.008544921875
1776820796528428300,1.24042822265625,0.9553680419921875,0.2556915283203125,-0.010589599609375
1776820796538470100,1.25047021484375,0.9557952880859375,0.25665283203125,-0.0166015625
1776820796548511200,1.26051123046875,0.960479736328125,0.2591552734375,-0.02069091796875
1776820796558553300,1.27055322265625,0.9633941650390625,0.250823974609375,-0.0195465087890625
1776820796568594200,1.28059423828125,0.9637451171875,0.2512359619140625,-0.01568603515625
1776820796578635300,1.29063525390625,0.9643707275390625,0.255584716796875,-0.0203399658203125
1776820796588677000,1.300677001953125,0.9877166748046875,0.2515716552734375,-0.02001953125
1776820796598718200,1.31071826171875,0.987396240234375,0.253631591796875,0.00244140625
1776820796608760000,1.320760009765625,0.9525909423828125,0.233978271484375,0.01861572265625
1776820796618801200,1.33080126953125,0.9067230224609375,0.2421417236328125,0.0002288818359375
1776820796628843300,1.34084326171875,0.8738250732421875,0.2528076171875,-0.0422821044921875
1776820796638884400,1.35088427734375,0.8877410888671875,0.254119873046875,-0.0728912353515625
1776820796648926200,1.36092626953125,0.926361083984375,0.2672271728515625,-0.08349609375
1776820796658967300,1.37096728515625,0.9797515869140625,0.2538909912109375,-0.06903076171875
1776820796669008100,1.381008056640625,1.020294189453125,0.23779296875,-0.038604736328125
1776820796679050200,1.39105029296875,1.0301361083984375,0.242706298828125,-0.0057525634765625
1776820796689091300,1.40109130859375,1.021575927734375,0.2355194091796875,0.03466796875
1776820796699133200,1.41113330078125,0.9745635986328125,0.223388671875,0.0515899658203125
1776820796709174300,1.42117431640625,0.9379730224609375,0.2331695556640625,0.0338592529296875
1776820796719216400,1.43121630859375,0.927337646484375,0.2479400634765625,0.0032196044921875
1776820796729257500,1.441257568359375,0.929412841796875,0.2551422119140625,-0.022613525390625
1776820796739299300,1.45129931640625,0.942626953125,0.2621307373046875,-0.0378875732421875
1776820796749340400,1.46134033203125,0.964019775390625,0.2590789794921875,-0.0382232666015625
1776820796759382300,1.47138232421875,0.9688262939453125,0.2500762939453125,-0.0315399169921875
1776820796769423400,1.48142333984375,0.97808837890625,0.2501373291015625,-0.0243377685546875
1776820796779464200,1.491464111328125,0.9853363037109375,0.252960205078125,-0.0131072998046875
1776820796789506300,1.50150634765625,0.9842071533203125,0.2509002685546875,-0.0014190673828125
1776820796799547100,1.511547119140625,0.9733123779296875,0.2570648193359375,0.0046539306640625
1776820796809589200,1.52158935546875,0.9522552490234375,0.2610321044921875,0.003570556640625
1776820796819630000,1.531630126953125,0.9328155517578125,0.265411376953125,-0.0046844482421875
1776820796829672400,1.54167236328125,0.930267333984375,0.26507568359375,-0.011627197265625
1776820796839713300,1.55171337890625,0.9364471435546875,0.2622833251953125,-0.0192108154296875
1776820796849755400,1.56175537109375,0.9484710693359375,0.2603607177734375,-0.029449462890625
1776820796859796200,1.571796142578125,0.9585113525390625,0.2575531005859375,-0.02996826171875
1776820796869838300,1.58183837890625,0.96087646484375,0.2570343017578125,-0.020233154296875
1776820796879879200,1.591879150390625,0.9718780517578125,0.2552490234375,-0.01019287109375
1776820796889921300,1.60192138671875,0.9774322509765625,0.2524261474609375,-0.003326416015625
1776820796899962000,1.611962158203125,0.96978759765625,0.253631591796875,-0.0000762939453125
1776820796910003200,1.622003173828125,0.955078125,0.2564849853515625,-0.0050048828125
1776820796920045000,1.632045166015625,0.949981689453125,0.257110595703125,-0.00738525390625
1776820796930086100,1.642086181640625,0.9405364990234375,0.2514495849609375,-0.0096588134765625
1776820796940128300,1.652128173828125,0.935394287109375,0.2561187744140625,-0.0179290771484375
1776820796950169300,1.66216943359375,0.938385009765625,0.256988525390625,-0.0220794677734375
1776820796960211200,1.672211181640625,0.9458770751953125,0.256011962890625,-0.02496337890625
1776820796970252300,1.682252197265625,0.958709716796875,0.2602691650390625,-0.028228759765625
1776820796980294100,1.692294189453125,0.9632415771484375,0.260955810546875,-0.02386474609375
1776820796990335200,1.702335205078125,0.9569244384765625,0.2601776123046875,-0.015289306640625
1776820797000377000,1.712377197265625,0.95245361328125,0.2625579833984375,-0.010040283203125
1776820797010418200,1.722418212890625,0.95989990234375,0.262664794921875,-0.0090484619140625
1776820797020460000,1.7324599609375,0.973419189453125,0.2629852294921875,-0.0059967041015625
1776820797030501000,1.742501220703125,0.996734619140625,0.271484375,-0.0050201416015625
1776820797040543200,1.752543212890625,1.0152130126953125,0.2792205810546875,0.0034332275390625
1776820797050584300,1.762584228515625,1.017669677734375,0.2740478515625,0.0196075439453125
1776820797060626200,1.772626220703125,1.0169525146484375,0.2726898193359375,0.0236663818359375
1776820797070667300,1.782667236328125,1.0140380859375,0.2837066650390625,0.0112457275390625
1776820797080709000,1.792709228515625,0.996673583984375,0.28302001953125,0.0023345947265625
1776820797090750200,1.802750244140625,0.9778289794921875,0.2758636474609375,-0.0081939697265625
1776820797100792000,1.8127919921875,0.97161865234375,0.273651123046875,-0.0271148681640625
1776820797110833200,1.822833251953125,0.9594268798828125,0.2658233642578125,-0.0288848876953125
1776820797120874200,1.832874267578125,0.93951416015625,0.2505340576171875,-0.027069091796875
1776820797130916000,1.842916015625,0.93231201171875,0.24627685546875,-0.03326416015625
1776820797140957200,1.852957275390625,0.9061737060546875,0.236053466796875,-0.0319061279296875
1776820797150999000,1.8629990234375,0.876190185546875,0.22998046875,-0.0329437255859375
1776820797161040100,1.8730400390625,0.8556671142578125,0.2310638427734375,-0.04083251953125
1776820797171082000,1.88308203125,0.8354034423828125,0.2158355712890625,-0.030609130859375
1776820797181123000,1.893123046875,0.835357666015625,0.2055511474609375,-0.0233306884765625
1776820797191165200,1.903165283203125,0.8763427734375,0.2122650146484375,-0.0290985107421875
1776820797201206300,1.913206298828125,0.921600341796875,0.228424072265625,-0.03466796875
1776820797211248000,1.923248046875,0.964141845703125,0.231964111328125,-0.026123046875
1776820797221289200,1.933289306640625,0.99224853515625,0.2376251220703125,-0.0199127197265625
1776820797231331000,1.9433310546875,1.016021728515625,0.2451019287109375,-0.015533447265625
1776820797241372200,1.9533720703125,1.0332794189453125,0.25286865234375,-0.0145721435546875
1776820797251414000,1.9634140625,1.0357666015625,0.2607879638671875,-0.0098876953125
1776820797261455000,1.973455078125,1.02020263671875,0.2620849609375,0.0013580322265625
1776820797271497000,1.9834970703125,1.0025177001953125,0.2647247314453125,0.0027618408203125
1776820797281538000,1.9935380859375,0.986114501953125,0.2706146240234375,-0.001800537109375
1776820797291580200,2.003580078125,0.9775543212890625,0.2689056396484375,-0.003509521484375
1776820797301621200,2.013621337890625,0.9701385498046875,0.2691192626953125,-0.00299072265625
1776820797311663000,2.0236630859375,0.9688720703125,0.267333984375,-0.0018157958984375
1776820797321704200,2.0337041015625,0.96795654296875,0.2588958740234375,-0.00390625
1776820797331746000,2.04374609375,0.9637298583984375,0.2559356689453125,-0.006591796875
1776820797341787100,2.053787109375,0.9600982666015625,0.2556304931640625,-0.004302978515625
1776820797351829000,2.0638291015625,0.9571685791015625,0.2500457763671875,-0.010467529296875
1776820797361870000,2.0738701171875,0.95916748046875,0.2468109130859375,-0.01605224609375
1776820797371912000,2.083911865234375,0.9620208740234375,0.2439117431640625,-0.008087158203125
1776820797381953000,2.093953125,0.956146240234375,0.2434234619140625,-0.003143310546875
1776820797391995100,2.1039951171875,0.9464569091796875,0.2451019287109375,0.002471923828125
1776820797402037200,2.114037353515625,0.9454498291015625,0.2457733154296875,0.00640869140625
1776820797412078000,2.124078125,0.9425201416015625,0.24908447265625,0.00341796875
1776820797422120200,2.1341201171875,0.94580078125,0.2490386962890625,-0.001495361328125
1776820797432161000,2.1441611328125,0.9566802978515625,0.25079345703125,-0.0068511962890625
1776820797442203100,2.154203125,0.9621734619140625,0.2509002685546875,-0.0104217529296875
1776820797452244000,2.164243896484375,0.9611663818359375,0.250701904296875,-0.0139617919921875
1776820797462286000,2.1742861328125,0.9584503173828125,0.2516021728515625,-0.0130615234375
1776820797472327000,2.184326904296875,0.9536895751953125,0.252105712890625,-0.0125885009765625
1776820797482369300,2.194369384765625,0.9475250244140625,0.2485198974609375,-0.0108489990234375
1776820797492410000,2.20441015625,0.952392578125,0.2479400634765625,-0.007598876953125
1776820797502452200,2.2144521484375,0.958770751953125,0.2490234375,-0.0039825439453125
1776820797512493000,2.2244931640625,0.9665374755859375,0.2500152587890625,0.0002288818359375
1776820797522535200,2.23453515625,0.97344970703125,0.251678466796875,-0.003387451171875
1776820797532576000,2.244575927734375,0.9659271240234375,0.25640869140625,-0.00469970703125
1776820797542618000,2.2546181640625,0.9587249755859375,0.2558746337890625,-0.009857177734375
1776820797552659000,2.264658935546875,0.9614105224609375,0.255706787109375,-0.0192108154296875
1776820797562701300,2.274701416015625,0.9548797607421875,0.2525177001953125,-0.0196533203125
1776820797572742100,2.2847421875,0.9376220703125,0.24530029296875,-0.0150146484375
1776820797582784300,2.2947841796875,0.934295654296875,0.2428741455078125,-0.0180206298828125
1776820797592825000,2.3048251953125,0.948272705078125,0.2524261474609375,-0.0203704833984375
1776820797602867200,2.3148671875,0.9610137939453125,0.24920654296875,-0.01513671875
1776820797612908000,2.324907958984375,0.970733642578125,0.2473297119140625,-0.006378173828125
1776820797622950100,2.3349501953125,0.9832000732421875,0.248779296875,0.0010986328125
1776820797632992000,2.344991943359375,0.9778900146484375,0.248931884765625,0.0034942626953125
1776820797643033000,2.355033203125,0.9615631103515625,0.2552947998046875,0.001953125
1776820797653075200,2.3650751953125,0.95684814453125,0.2597198486328125,-0.0042572021484375
1776820797663116300,2.3751162109375,0.9510345458984375,0.259674072265625,-0.01043701171875
1776820797673158100,2.385158203125,0.942169189453125,0.2593994140625,-0.013031005859375
1776820797683199200,2.39519921875,0.942901611328125,0.263397216796875,-0.0177154541015625
1776820797693241000,2.405240966796875,0.9524993896484375,0.263946533203125,-0.014312744140625
1776820797703282200,2.4152822265625,0.957794189453125,0.26177978515625,-0.0065765380859375
1776820797713324000,2.425323974609375,0.9646453857421875,0.260101318359375,-0.0025787353515625
1776820797723365000,2.435365234375,0.97052001953125,0.2567596435546875,0.000396728515625
1776820797733407000,2.445406982421875,0.9625091552734375,0.2584991455078125,0.00262451171875
1776820797743448000,2.455447998046875,0.9561614990234375,0.262725830078125,-0.004486083984375
1776820797753490200,2.465490234375,0.955322265625,0.2675933837890625,-0.0091705322265625
1776820797763532300,2.4755322265625,0.94647216796875,0.2685546875,-0.0115814208984375
1776820797773573000,2.485572998046875,0.9463958740234375,0.2700042724609375,-0.0130157470703125
1776820797783615200,2.495615234375,0.9568634033203125,0.267974853515625,-0.0113983154296875
1776820797793656000,2.505656005859375,0.970001220703125,0.2686309814453125,-0.0109710693359375
1776820797803698200,2.5156982421875,0.9730377197265625,0.271392822265625,-0.0104827880859375
1776820797813739000,2.525739013671875,0.96875,0.270050048828125,-0.003936767578125
1776820797823781000,2.535781005859375,0.9684295654296875,0.2714385986328125,-0.004730224609375
1776820797833822000,2.545822021484375,0.96136474609375,0.272857666015625,-0.0058135986328125
1776820797843864300,2.5558642578125,0.9544525146484375,0.2720947265625,-0.0104522705078125
1776820797853905200,2.5659052734375,0.9438018798828125,0.2725982666015625,-0.0211639404296875
1776820797863947300,2.575947265625,0.943023681640625,0.2757568359375,-0.0352783203125
1776820797873989000,2.585989013671875,0.94464111328125,0.276611328125,-0.0469207763671875
1776820797884030200,2.5960302734375,0.93280029296875,0.2718963623046875,-0.040863037109375
1776820797894072000,2.606072021484375,0.922637939453125,0.266357421875,-0.030975341796875
1776820797904113200,2.616113037109375,0.9349365234375,0.270355224609375,-0.0348052978515625
1776820797914155000,2.626155029296875,0.9626007080078125,0.280487060546875,-0.043060302734375
1776820797924196000,2.636196044921875,0.9884796142578125,0.2832183837890625,-0.0549163818359375
1776820797934238200,2.64623828125,0.9915618896484375,0.2849884033203125,-0.0602874755859375
1776820797944279300,2.656279296875,0.978668212890625,0.287353515625,-0.0465545654296875
1776820797954321200,2.666321044921875,0.9669952392578125,0.28765869140625,-0.0357513427734375
1776820797964362200,2.6763623046875,0.968719482421875,0.2945404052734375,-0.0384521484375
1776820797974404000,2.686404052734375,0.9845123291015625,0.3043060302734375,-0.0527496337890625
1776820797984446000,2.696446044921875,1.017486572265625,0.3056793212890625,-0.0825042724609375
1776820797994487000,2.706487060546875,1.0501251220703125,0.3036956787109375,-0.1236724853515625
1776820798004529000,2.71652880859375,1.084442138671875,0.30615234375,-0.159393310546875
1776820798014570000,2.726570068359375,1.08404541015625,0.297943115234375,-0.166839599609375
1776820798024612000,2.736612060546875,1.0500030517578125,0.285247802734375,-0.1451263427734375
1776820798034653200,2.746653076171875,1.0385284423828125,0.323699951171875,-0.1316986083984375
1776820798044695000,2.756695068359375,1.032684326171875,0.2611083984375,-0.100555419921875
1776820798054737200,2.766737060546875,0.9818115234375,0.2675323486328125,-0.09869384765625
1776820798064778000,2.776778076171875,0.952301025390625,0.24285888671875,-0.10015869140625
1776820798074820000,2.786820068359375,0.9149322509765625,0.2158355712890625,-0.08306884765625
1776820798084861000,2.79686083984375,0.878875732421875,0.189483642578125,-0.06689453125
1776820798094903000,2.806903076171875,0.8677978515625,0.18096923828125,-0.050384521484375
1776820798104943900,2.81694384765625,0.890594482421875,0.1530914306640625,-0.046478271484375
1776820798114986000,2.826986083984375,0.90191650390625,0.142547607421875,-0.0572662353515625
1776820798125026800,2.83702685546875,0.91278076171875,0.15045166015625,-0.072113037109375
1776820798135069000,2.84706884765625,0.94073486328125,0.159210205078125,-0.082672119140625
1776820798145110800,2.85711083984375,0.9600982666015625,0.1262054443359375,-0.0823822021484375
1776820798155152000,2.86715185546875,0.9650115966796875,0.1448211669921875,-0.095123291015625
1776820798165193700,2.87719384765625,0.9643707275390625,0.1350555419921875,-0.0885467529296875
1776820798175234800,2.88723486328125,0.9486541748046875,0.1503448486328125,-0.0703582763671875
1776820798185277000,2.89727685546875,0.969207763671875,0.141357421875,-0.0574493408203125
1776820798195318000,2.907318115234375,0.97113037109375,0.125762939453125,-0.0323486328125
1776820798205359900,2.91735986328125,0.9731292724609375,0.12689208984375,-0.0197601318359375
1776820798215402000,2.927402099609375,0.9814300537109375,0.1010894775390625,-0.009063720703125
1776820798225442800,2.93744287109375,0.9651641845703125,0.1238250732421875,-0.0016632080078125
1776820798235485000,2.94748486328125,0.9660797119140625,0.1006927490234375,-0.0062103271484375
1776820798245525800,2.95752587890625,0.9711151123046875,0.1114654541015625,-0.03448486328125
1776820798255568000,2.96756787109375,0.9689483642578125,0.129364013671875,-0.0601043701171875
1776820798265608700,2.977608642578125,0.964752197265625,0.1235198974609375,-0.0766448974609375
1776820798275651000,2.987651123046875,0.967376708984375,0.1221771240234375,-0.090057373046875
1776820798285693000,2.99769287109375,0.968994140625,0.111724853515625,-0.077850341796875
1776820798295734000,3.007734130859375,0.9773101806640625,0.1070404052734375,-0.069244384765625
1776820798305775900,3.01777587890625,0.9789276123046875,0.099456787109375,-0.063690185546875
1776820798315817000,3.02781689453125,0.9710693359375,0.111083984375,-0.0665283203125
1776820798325858800,3.03785888671875,0.9771728515625,0.123382568359375,-0.085479736328125
1776820798335900000,3.04789990234375,0.9947509765625,0.1266021728515625,-0.1077117919921875
1776820798345941800,3.057941650390625,0.986480712890625,0.1263885498046875,-0.109527587890625
1776820798355984000,3.06798388671875,0.9720001220703125,0.1141815185546875,-0.0934600830078125
1776820798366025000,3.07802490234375,0.978851318359375,0.102264404296875,-0.0737762451171875
1776820798376066800,3.08806689453125,0.9991912841796875,0.0960540771484375,-0.0520782470703125
1776820798386108000,3.09810791015625,1.002685546875,0.083221435546875,-0.0326995849609375
1776820798396149800,3.108149658203125,0.9955902099609375,0.0718994140625,-0.021240234375
1776820798406191900,3.11819189453125,0.966339111328125,0.0697021484375,-0.0186614990234375
1776820798416232700,3.128232666015625,0.951812744140625,0.0746307373046875,-0.0114593505859375
1776820798426275000,3.138275146484375,0.9795074462890625,0.0946044921875,-0.02734375
1776820798436316000,3.14831591796875,0.9865264892578125,0.095428466796875,-0.036865234375
1776820798446358000,3.15835791015625,1.002227783203125,0.088531494140625,-0.028045654296875
1776820798456398800,3.16839892578125,1.0316314697265625,0.090087890625,-0.0266571044921875
1776820798466441000,3.17844091796875,1.02947998046875,0.077667236328125,-0.0092620849609375
1776820798476482800,3.18848291015625,1.016021728515625,0.0818939208984375,-0.0002899169921875
1776820798486524000,3.19852392578125,0.9712677001953125,0.090484619140625,0.006103515625
1776820798496565800,3.208565673828125,0.9554901123046875,0.0870819091796875,0.0103759765625
1776820798506606800,3.21860693359375,0.9751739501953125,0.0982666015625,-0.013671875
1776820798516649000,3.22864892578125,0.988433837890625,0.088104248046875,-0.0185394287109375
1776820798526691000,3.238691162109375,1.00604248046875,0.07208251953125,0.0016632080078125
1776820798536732000,3.24873193359375,1.0070037841796875,0.0563507080078125,0.027923583984375
1776820798546774000,3.25877392578125,0.99420166015625,0.0395660400390625,0.0520782470703125
1776820798556814800,3.26881494140625,0.9712982177734375,0.039794921875,0.0638275146484375
1776820798566857000,3.27885693359375,0.9253997802734375,0.0391998291015625,0.0827484130859375
1776820798576898800,3.28889892578125,0.8878173828125,0.032623291015625,0.0920562744140625
1776820798586940000,3.29893994140625,0.8726348876953125,0.0439300537109375,0.0748443603515625
1776820798596982000,3.30898193359375,0.9027557373046875,0.0547332763671875,0.042724609375
1776820798607023000,3.319023193359375,0.9411163330078125,0.0529937744140625,0.0289154052734375
1776820798617065000,3.32906494140625,0.96319580078125,0.051788330078125,0.035888671875
1776820798627106800,3.33910693359375,0.9689788818359375,0.0507049560546875,0.0514678955078125
1776820798637148000,3.34914794921875,0.95904541015625,0.0361480712890625,0.08575439453125
1776820798647189800,3.359189697265625,0.95172119140625,0.030487060546875,0.122467041015625
1776820798657230800,3.36923095703125,0.935638427734375,0.033905029296875,0.1490478515625
1776820798667272700,3.379272705078125,0.9135284423828125,0.0330810546875,0.1633453369140625
1776820798677315000,3.389315185546875,0.9005279541015625,0.0471038818359375,0.149444580078125
1776820798687356000,3.39935595703125,0.906219482421875,0.0686492919921875,0.137054443359375
1776820798697398000,3.40939794921875,0.9287872314453125,0.073974609375,0.1287384033203125
1776820798707438800,3.41943896484375,0.9475250244140625,0.0743865966796875,0.122833251953125
1776820798717481000,3.42948095703125,0.97998046875,0.0858154296875,0.1239776611328125
1776820798727522800,3.439522705078125,1.00592041015625,0.093658447265625,0.1324005126953125
1776820798737564000,3.44956396484375,0.9935455322265625,0.08416748046875,0.1596221923828125
1776820798747605800,3.459605712890625,0.9803314208984375,0.073577880859375,0.1897735595703125
1776820798757646800,3.469646728515625,0.9513092041015625,0.076812744140625,0.2060699462890625
1776820798767689000,3.47968896484375,0.9064788818359375,0.08306884765625,0.215545654296875
1776820798777730800,3.489730712890625,0.882598876953125,0.0904693603515625,0.2295989990234375
1776820798787772000,3.49977197265625,0.8892822265625,0.0893096923828125,0.246429443359375
1776820798797814000,3.50981396484375,0.9060821533203125,0.0987701416015625,0.25506591796875
1776820798807854800,3.519854736328125,0.93414306640625,0.1085052490234375,0.26324462890625
1776820798817897000,3.52989697265625,0.9661407470703125,0.1175689697265625,0.2640838623046875
1776820798827938800,3.539938720703125,1.00299072265625,0.120513916015625,0.25860595703125
1776820798837980000,3.54997998046875,1.02569580078125,0.1242828369140625,0.2558135986328125
1776820798848022000,3.56002197265625,1.00970458984375,0.134918212890625,0.24908447265625
1776820798858064000,3.57006396484375,0.9761810302734375,0.1365203857421875,0.25
1776820798868105000,3.58010498046875,0.9337310791015625,0.133392333984375,0.265167236328125
1776820798878146800,3.590146728515625,0.9116363525390625,0.144195556640625,0.309722900390625
1776820798888188000,3.60018798828125,0.9092559814453125,0.142303466796875,0.3289947509765625
1776820798898229800,3.610229736328125,0.90045166015625,0.1457672119140625,0.3317718505859375
1776820798908271900,3.62027197265625,0.9066009521484375,0.1574859619140625,0.3359375
1776820798918312700,3.630312744140625,0.919708251953125,0.159149169921875,0.337615966796875
1776820798928355000,3.64035498046875,0.92205810546875,0.1560516357421875,0.3365631103515625
1776820798938396000,3.65039599609375,0.9164276123046875,0.1560211181640625,0.330108642578125
1776820798948438000,3.66043798828125,0.911102294921875,0.164947509765625,0.318939208984375
1776820798958480000,3.67047998046875,0.8878021240234375,0.166046142578125,0.3248291015625
1776820798968521000,3.68052099609375,0.9014434814453125,0.1851348876953125,0.31182861328125
1776820798978562800,3.690562744140625,0.8914794921875,0.187286376953125,0.30194091796875
1776820798988604700,3.700604736328125,0.9057464599609375,0.191741943359375,0.316436767578125
1776820798998645800,3.710645751953125,0.9191131591796875,0.2081756591796875,0.3159942626953125
1776820799008687900,3.72068798828125,0.9250640869140625,0.2135467529296875,0.3182373046875
1776820799018730000,3.73072998046875,0.93023681640625,0.2230224609375,0.31951904296875
1776820799028770800,3.740770751953125,0.92425537109375,0.224700927734375,0.319549560546875
1776820799038813000,3.75081298828125,0.90386962890625,0.2249908447265625,0.3426666259765625
1776820799048853800,3.760853759765625,0.8775177001953125,0.23089599609375,0.337921142578125
1776820799058896000,3.770895751953125,0.8701019287109375,0.2386932373046875,0.3269805908203125
1776820799068938000,3.78093798828125,0.8913116455078125,0.251434326171875,0.328857421875
1776820799078979000,3.79097900390625,0.8931732177734375,0.2546539306640625,0.32745361328125
1776820799089021200,3.801021240234375,0.8933258056640625,0.2632598876953125,0.3328857421875
1776820799099063000,3.81106298828125,0.8779144287109375,0.267181396484375,0.34783935546875
1776820799109104000,3.821104248046875,0.8505706787109375,0.2473297119140625,0.36798095703125
1776820799119146000,3.83114599609375,0.84014892578125,0.248809814453125,0.367431640625
1776820799129188000,3.84118798828125,0.848968505859375,0.26470947265625,0.348846435546875
1776820799139229200,3.851229248046875,0.8665313720703125,0.2883453369140625,0.3435211181640625
1776820799149271000,3.86127099609375,0.871856689453125,0.310089111328125,0.318634033203125
1776820799159312100,3.87131201171875,0.914459228515625,0.32867431640625,0.3382568359375
1776820799169354200,3.881354248046875,0.9568023681640625,0.3464202880859375,0.3336029052734375
1776820799179396000,3.89139599609375,0.9572601318359375,0.34234619140625,0.305084228515625
1776820799189437200,3.901437255859375,0.9541778564453125,0.3442535400390625,0.3226318359375
1776820799199479000,3.91147900390625,0.9315032958984375,0.3478851318359375,0.3223419189453125
1776820799209521200,3.921521240234375,0.8968353271484375,0.3573760986328125,0.31512451171875
1776820799219562000,3.93156201171875,0.86883544921875,0.3656463623046875,0.3105010986328125
1776820799229604000,3.94160400390625,0.8661651611328125,0.370880126953125,0.3037872314453125
1776820799239646200,3.951646240234375,0.884307861328125,0.3735198974609375,0.2888946533203125
1776820799249687300,3.961687255859375,0.90032958984375,0.3742828369140625,0.27667236328125
1776820799259729200,3.971729248046875,0.8935546875,0.3823089599609375,0.26995849609375
1776820799269771000,3.98177099609375,0.883056640625,0.4030914306640625,0.2809906005859375
1776820799279812000,3.99181201171875,0.90679931640625,0.425537109375,0.2876129150390625
1776820799289854000,4.00185400390625,0.9434814453125,0.4490966796875,0.2830810546875
1776820799299895000,4.01189501953125,0.9666595458984375,0.4420166015625,0.29327392578125
1776820799309937000,4.02193701171875,0.9723663330078125,0.44384765625,0.286590576171875
1776820799319979300,4.031979248046875,0.95501708984375,0.4568634033203125,0.265228271484375
1776820799330020000,4.04202001953125,0.9252166748046875,0.454345703125,0.2481689453125
1776820799340062200,4.052062255859375,0.90667724609375,0.456512451171875,0.2265777587890625
1776820799350104000,4.06210400390625,0.9005126953125,0.4566497802734375,0.2011260986328125
1776820799360145200,4.072145263671875,0.8785400390625,0.4583740234375,0.1824188232421875
1776820799370187000,4.08218701171875,0.8526763916015625,0.4614410400390625,0.1808624267578125
1776820799380229000,4.09222900390625,0.8424530029296875,0.4519805908203125,0.1968841552734375
1776820799390270000,4.10227001953125,0.850738525390625,0.4423065185546875,0.1942901611328125
1776820799400312000,4.11231201171875,0.8642120361328125,0.4352569580078125,0.1770782470703125
1776820799410354200,4.122354248046875,0.894317626953125,0.4464874267578125,0.154571533203125
1776820799420395000,4.13239501953125,0.913421630859375,0.45599365234375,0.1295013427734375
1776820799430437000,4.14243701171875,0.9152984619140625,0.4608154296875,0.1169586181640625
1776820799440479000,4.15247900390625,0.9100494384765625,0.465545654296875,0.10565185546875
1776820799450520000,4.16252001953125,0.8856353759765625,0.460052490234375,0.123504638671875
1776820799460562000,4.17256201171875,0.8681793212890625,0.45684814453125,0.1390533447265625
1776820799470604300,4.182604248046875,0.886474609375,0.450408935546875,0.1350555419921875
1776820799480645000,4.19264501953125,0.91094970703125,0.4526214599609375,0.125518798828125
1776820799490687200,4.202687255859375,0.910919189453125,0.4568939208984375,0.1240997314453125
1776820799500729000,4.21272900390625,0.920196533203125,0.4607391357421875,0.1097869873046875
1776820799510770200,4.222770263671875,0.9294281005859375,0.47613525390625,0.0881805419921875
1776820799520812000,4.23281201171875,0.9240875244140625,0.4806671142578125,0.0537567138671875
1776820799530854100,4.242854248046875,0.897003173828125,0.472076416015625,0.0437774658203125
1776820799540895200,4.252895263671875,0.8578338623046875,0.4633941650390625,0.061553955078125
1776820799550937000,4.26293701171875,0.8479156494140625,0.465789794921875,0.070098876953125
1776820799560979200,4.272979248046875,0.8481903076171875,0.438751220703125,0.05712890625
1776820799571020000,4.28302001953125,0.8690185546875,0.446868896484375,0.04107666015625
1776820799581062100,4.293062255859375,0.9119110107421875,0.4579925537109375,0.0327301025390625
1776820799591104000,4.30310400390625,0.9536895751953125,0.46319580078125,0.0076751708984375
1776820799601145000,4.31314501953125,0.986663818359375,0.4671173095703125,-0.0099639892578125
1776820799611187200,4.323187255859375,1.0090179443359375,0.47100830078125,-0.0230255126953125
1776820799621229000,4.33322900390625,1.01861572265625,0.465423583984375,-0.03216552734375
1776820799631270100,4.343270263671875,0.9637298583984375,0.4503326416015625,-0.0166168212890625
1776820799641312000,4.35331201171875,0.9060211181640625,0.4460296630859375,-0.0185546875
1776820799651354000,4.36335400390625,0.8908233642578125,0.4435577392578125,-0.0190277099609375
1776820799661395200,4.373395263671875,0.8650054931640625,0.430023193359375,-0.00616455078125
1776820799671437000,4.38343701171875,0.8688507080078125,0.425750732421875,-0.008209228515625
1776820799681479200,4.393479248046875,0.8971405029296875,0.4210205078125,-0.006683349609375
1776820799691521300,4.403521240234375,0.8967132568359375,0.380950927734375,0.0108795166015625
1776820799701562000,4.41356201171875,0.889404296875,0.420806884765625,-0.0042266845703125
1776820799711604200,4.423604248046875,0.956787109375,0.3935699462890625,-0.0337371826171875
1776820799721646000,4.43364599609375,0.9759979248046875,0.3741455078125,-0.0411224365234375
1776820799731687200,4.443687255859375,0.960601806640625,0.3972930908203125,-0.1104278564453125
1776820799741729000,4.45372900390625,0.9604949951171875,0.4023895263671875,-0.1419219970703125
1776820799751771100,4.463771240234375,0.929412841796875,0.39453125,-0.1409149169921875
1776820799761812200,4.473812255859375,0.8909759521484375,0.3790130615234375,-0.1186065673828125
1776820799771854000,4.48385400390625,0.854034423828125,0.3619384765625,-0.0939483642578125
1776820799781896200,4.493896240234375,0.838897705078125,0.3381805419921875,-0.07342529296875
1776820799791937000,4.50393701171875,0.8641815185546875,0.3306884765625,-0.06439208984375
1776820799801979100,4.513979248046875,0.916595458984375,0.332550048828125,-0.0851593017578125
1776820799812021000,4.52402099609375,0.9647369384765625,0.3360595703125,-0.12030029296875
1776820799822062000,4.53406201171875,0.98480224609375,0.3306884765625,-0.1370697021484375
1776820799832104200,4.544104248046875,0.9710540771484375,0.3206329345703125,-0.15533447265625
1776820799842146000,4.55414599609375,0.94134521484375,0.3064422607421875,-0.1662750244140625
1776820799852188200,4.564188232421875,0.912872314453125,0.296112060546875,-0.16351318359375
1776820799862229000,4.57422900390625,0.9002227783203125,0.28875732421875,-0.150970458984375
1776820799872271000,4.58427099609375,0.891815185546875,0.2785491943359375,-0.136962890625
1776820799882313000,4.59431298828125,0.8561553955078125,0.2663116455078125,-0.1244964599609375
1776820799892354000,4.60435400390625,0.861785888671875,0.27276611328125,-0.1187744140625
1776820799902396200,4.614396240234375,0.931915283203125,0.280975341796875,-0.1382904052734375
1776820799912438300,4.624438232421875,0.9718017578125,0.2384185791015625,-0.144378662109375
1776820799922479000,4.63447900390625,0.9784698486328125,0.2599029541015625,-0.173553466796875
1776820799932521200,4.644521240234375,0.998016357421875,0.2431793212890625,-0.17486572265625
1776820799942563000,4.65456298828125,0.956085205078125,0.2287139892578125,-0.173980712890625
1776820799952604200,4.664604248046875,0.90277099609375,0.24530029296875,-0.1544342041015625
1776820799962646000,4.67464599609375,0.9072418212890625,0.2328643798828125,-0.12750244140625
1776820799972688100,4.684688232421875,0.89727783203125,0.213165283203125,-0.1148681640625
1776820799982730200,4.694730224609375,0.8791961669921875,0.215545654296875,-0.117340087890625
1776820799992771000,4.70477099609375,0.91326904296875,0.206268310546875,-0.13336181640625
1776820800002813200,4.714813232421875,0.9409027099609375,0.2055511474609375,-0.1657562255859375
1776820800012855000,4.72485498046875,0.973724365234375,0.2086181640625,-0.1870880126953125
1776820800022896000,4.734896240234375,0.9745330810546875,0.2060089111328125,-0.186279296875
1776820800032938000,4.74493798828125,0.9625244140625,0.1971282958984375,-0.174560546875
1776820800042980000,4.75497998046875,0.9509429931640625,0.19287109375,-0.1746978759765625
1776820800053022200,4.765022216796875,0.9361572265625,0.1923980712890625,-0.174835205078125
1776820800063063000,4.77506298828125,0.9133148193359375,0.1883392333984375,-0.173675537109375
1776820800073105200,4.785105224609375,0.8998260498046875,0.1886138916015625,-0.185302734375
1776820800083148000,4.79514794921875,0.928924560546875,0.194732666015625,-0.2016448974609375
1776820800093189000,4.805189208984375,0.94744873046875,0.1832275390625,-0.2018585205078125
1776820800103231200,4.815231201171875,0.934478759765625,0.1708831787109375,-0.1855010986328125
1776820800113273000,4.825273193359375,0.9337310791015625,0.162994384765625,-0.1709747314453125
1776820800123315200,4.835315185546875,0.95526123046875,0.1623382568359375,-0.1717529296875
1776820800133356000,4.84535595703125,0.9792022705078125,0.1656341552734375,-0.1714630126953125
1776820800143398100,4.855398193359375,0.982269287109375,0.162811279296875,-0.1620941162109375
1776820800153440000,4.86543994140625,0.988983154296875,0.171539306640625,-0.148651123046875
1776820800163481000,4.875481201171875,0.9767303466796875,0.1564178466796875,-0.1399078369140625
1776820800173523200,4.885523193359375,0.9482269287109375,0.165069580078125,-0.1443328857421875
1776820800183565000,4.89556494140625,0.91064453125,0.169097900390625,-0.160400390625
1776820800193607200,4.905607177734375,0.90234375,0.16973876953125,-0.173858642578125
1776820800203648000,4.91564794921875,0.922332763671875,0.17449951171875,-0.174163818359375
1776820800213690000,4.925690185546875,0.9391326904296875,0.1685333251953125,-0.1632080078125
1776820800223732000,4.93573193359375,0.953643798828125,0.167022705078125,-0.1540374755859375
1776820800233773000,4.94577294921875,1.0040283203125,0.1630706787109375,-0.1514739990234375
1776820800243815200,4.955815185546875,1.0429229736328125,0.1514129638671875,-0.1438140869140625
1776820800253857000,4.96585693359375,1.0345916748046875,0.146148681640625,-0.1283721923828125
1776820800263899100,4.975899169921875,0.9943389892578125,0.1539154052734375,-0.117401123046875
1776820800273940000,4.98593994140625,0.962799072265625,0.1603546142578125,-0.110137939453125
1776820800283982000,4.995982177734375,0.93524169921875,0.161712646484375,-0.1113433837890625
1776820800294024000,5.00602392578125,0.9182891845703125,0.1589508056640625,-0.107208251953125
1776820800304066300,5.01606640625,0.9299468994140625,0.1625213623046875,-0.0998382568359375
1776820800314107100,5.026107177734375,0.9586944580078125,0.1575469970703125,-0.09039306640625
1776820800324149200,5.036149169921875,0.9746551513671875,0.15411376953125,-0.0937652587890625
1776820800334191000,5.046191162109375,1.009429931640625,0.1604766845703125,-0.105743408203125
1776820800344232200,5.056232177734375,1.041900634765625,0.1655426025390625,-0.1121368408203125
1776820800354274000,5.066274169921875,1.039154052734375,0.1588897705078125,-0.0883636474609375
1776820800364316200,5.076316162109375,1.016815185546875,0.158203125,-0.07171630859375
1776820800374358300,5.086358154296875,0.9855194091796875,0.1530303955078125,-0.059478759765625
1776820800384399000,5.096399169921875,0.962158203125,0.1412200927734375,-0.046844482421875
1776820800394441200,5.106441162109375,0.931884765625,0.13922119140625,-0.048797607421875
1776820800404483000,5.116483154296875,0.9296722412109375,0.134979248046875,-0.0538787841796875
1776820800414525000,5.12652490234375,0.9492034912109375,0.1346893310546875,-0.045745849609375
1776820800424566000,5.13656591796875,0.9800567626953125,0.14190673828125,-0.0289306640625
1776820800434608000,5.146608154296875,0.9854278564453125,0.1429595947265625,-0.017974853515625
1776820800444650200,5.156650146484375,0.956634521484375,0.136138916015625,-0.000152587890625
1776820800454692000,5.166692138671875,0.966033935546875,0.143768310546875,0.00579833984375
1776820800464733200,5.176733154296875,0.96820068359375,0.1412506103515625,-0.0008392333984375
1776820800474775000,5.186775146484375,0.9725189208984375,0.1300811767578125,-0.013671875
1776820800484817200,5.196817138671875,0.988494873046875,0.14111328125,-0.018890380859375
1776820800494859300,5.206859375,0.9847412109375,0.142333984375,-0.0229949951171875
1776820800504900000,5.216900146484375,0.9663238525390625,0.1475372314453125,-0.0151214599609375
1776820800514942200,5.226942138671875,0.9278106689453125,0.14508056640625,0.01300048828125
1776820800524984000,5.236984130859375,0.9081268310546875,0.13787841796875,0.0295257568359375
1776820800535026200,5.247026123046875,0.910064697265625,0.1472930908203125,0.0405120849609375
1776820800545067000,5.25706689453125,0.92431640625,0.143798828125,0.0399169921875
1776820800555109000,5.267109130859375,0.9348602294921875,0.148040771484375,0.018218994140625
1776820800565151200,5.277151123046875,0.9311370849609375,0.1463165283203125,0.0157470703125
1776820800575193000,5.287193115234375,0.9482574462890625,0.1558380126953125,0.021484375
1776820800585234200,5.297234130859375,0.9639434814453125,0.1608734130859375,0.004974365234375
1776820800595276000,5.307276123046875,0.9585723876953125,0.1602325439453125,0.0153656005859375
1776820800605318100,5.317318115234375,0.957244873046875,0.1630706787109375,0.041961669921875
1776820800615360000,5.327360107421875,0.959259033203125,0.166412353515625,0.0606842041015625
1776820800625401000,5.337401123046875,0.9641876220703125,0.1731719970703125,0.0676116943359375
1776820800635443200,5.347443115234375,0.97369384765625,0.1761932373046875,0.074859619140625
1776820800645485000,5.357485107421875,0.97711181640625,0.175811767578125,0.07672119140625
1776820800655527200,5.367527099609375,0.9623565673828125,0.1742706298828125,0.0732879638671875
1776820800665568000,5.377568115234375,0.963470458984375,0.1766204833984375,0.068115234375
1776820800675610000,5.387610107421875,0.984405517578125,0.185455322265625,0.0673828125
1776820800685652000,5.39765185546875,0.994171142578125,0.1804962158203125,0.08074951171875
1776820800695694300,5.4076943359375,0.9902496337890625,0.17822265625,0.088714599609375
1776820800705735200,5.417735107421875,0.9771881103515625,0.1875,0.0876617431640625
1776820800715777300,5.42777734375,0.96575927734375,0.1963958740234375,0.089263916015625
1776820800725819100,5.437819091796875,0.9745635986328125,0.203094482421875,0.08349609375
1776820800735861000,5.447861083984375,0.986846923828125,0.2099456787109375,0.0790252685546875
1776820800745902000,5.457902099609375,1.0074615478515625,0.2111358642578125,0.0714111328125
1776820800755944000,5.46794384765625,1.011260986328125,0.21282958984375,0.0625
1776820800765986300,5.477986328125,1.003387451171875,0.2154083251953125,0.0612640380859375
1776820800776028200,5.488028076171875,0.996307373046875,0.2191162109375,0.0631103515625
1776820800786069200,5.4980693359375,0.981536865234375,0.221923828125,0.0592193603515625
1776820800796111000,5.508111083984375,0.969573974609375,0.2244720458984375,0.0580902099609375
1776820800806153000,5.518153076171875,0.9558258056640625,0.2240753173828125,0.0615692138671875
1776820800816195000,5.528195068359375,0.956329345703125,0.2265472412109375,0.06463623046875
1776820800826236000,5.53823583984375,0.9685821533203125,0.2318115234375,0.0632476806640625
1776820800836278300,5.5482783203125,0.9728240966796875,0.2346649169921875,0.065185546875
1776820800846320000,5.558320068359375,0.9790496826171875,0.237030029296875,0.072113037109375
1776820800856362000,5.568362060546875,0.9861602783203125,0.2379302978515625,0.0666656494140625
1776820800866404000,5.578404052734375,0.9889373779296875,0.23785400390625,0.060546875
1776820800876445000,5.58844482421875,0.9898834228515625,0.240814208984375,0.0518798828125
1776820800886487000,5.598487060546875,0.9937744140625,0.2434234619140625,0.040740966796875
1776820800896529200,5.608529052734375,0.9947357177734375,0.24774169921875,0.0388336181640625
1776820800906571300,5.6185712890625,0.9868927001953125,0.2504119873046875,0.04412841796875
1776820800916612000,5.628612060546875,0.978515625,0.2457733154296875,0.0546722412109375
1776820800926654200,5.638654296875,0.973236083984375,0.2402801513671875,0.0651702880859375
1776820800936696000,5.648696044921875,0.9791717529296875,0.237457275390625,0.080810546875
1776820800946738000,5.658738037109375,0.983734130859375,0.2308502197265625,0.0986328125
1776820800956779000,5.668779052734375,0.9745941162109375,0.2293243408203125,0.1002655029296875
1776820800966821000,5.678821044921875,0.9559783935546875,0.2234649658203125,0.0967559814453125
1776820800976863200,5.68886328125,0.93927001953125,0.22198486328125,0.0869598388671875
1776820800986905000,5.698905029296875,0.9378662109375,0.232330322265625,0.062286376953125
1776820800996947000,5.708947021484375,0.9492340087890625,0.2370758056640625,0.0442657470703125
1776820801006988000,5.718988037109375,0.95318603515625,0.2389678955078125,0.045074462890625
1776820801017030000,5.72902978515625,0.9656219482421875,0.2401123046875,0.0473480224609375
1776820801027072300,5.739072265625,0.9724884033203125,0.2349853515625,0.0489654541015625
1776820801037114000,5.749114013671875,0.961212158203125,0.2314605712890625,0.05194091796875
1776820801047155200,5.7591552734375,0.950927734375,0.2324676513671875,0.0508880615234375
1776820801057197000,5.769197021484375,0.9483489990234375,0.2327117919921875,0.0480499267578125
1776820801067239200,5.7792392578125,0.954559326171875,0.2328033447265625,0.0471038818359375
1776820801077281000,5.789281005859375,0.9591827392578125,0.2404022216796875,0.04718017578125
1776820801087322000,5.799322021484375,0.9636993408203125,0.2412261962890625,0.0486602783203125
1776820801097363000,5.809363037109375,0.96197509765625,0.2426910400390625,0.04681396484375
1776820801107405300,5.8194052734375,0.9601593017578125,0.2435150146484375,0.04486083984375
1776820801117447200,5.829447265625,0.9557342529296875,0.242645263671875,0.046600341796875
1776820801127489000,5.839489013671875,0.950927734375,0.24151611328125,0.047332763671875
1776820801137530000,5.849530029296875,0.9545440673828125,0.2436981201171875,0.0465545654296875
1776820801147572000,5.859572021484375,0.9676971435546875,0.2436981201171875,0.0505523681640625
1776820801157614000,5.869614013671875,0.9760894775390625,0.244049072265625,0.0461883544921875
1776820801167656200,5.87965625,0.976470947265625,0.242828369140625,0.0498809814453125
1776820801177698000,5.889697998046875,0.97406005859375,0.2420806884765625,0.0561981201171875
1776820801187739100,5.8997392578125,0.97021484375,0.2454376220703125,0.0538330078125
1776820801197781000,5.909781005859375,0.96533203125,0.2471160888671875,0.0448150634765625
1776820801207823000,5.919822998046875,0.95452880859375,0.2453765869140625,0.0413818359375
1776820801217865000,5.929864990234375,0.955108642578125,0.2490692138671875,0.039398193359375
1776820801227907000,5.939906982421875,0.9695892333984375,0.2479248046875,0.036773681640625
1776820801237948200,5.9499482421875,0.9791717529296875,0.242523193359375,0.0439910888671875
1776820801247990000,5.959989990234375,0.9709930419921875,0.239288330078125,0.0533294677734375
1776820801258032000,5.9700322265625,0.957122802734375,0.243316650390625,0.0529022216796875
1776820801268074000,5.980073974609375,0.9524078369140625,0.2460479736328125,0.053955078125
1776820801278115000,5.990114990234375,0.94635009765625,0.2444915771484375,0.0521697998046875
1776820801288157200,6.0001572265625,0.9422607421875,0.2441864013671875,0.0482025146484375
1776820801298199300,6.01019921875,0.9491424560546875,0.24713134765625,0.0395355224609375
1776820801308241200,6.0202412109375,0.95428466796875,0.250640869140625,0.0338287353515625
1776820801318283000,6.030282958984375,0.9536285400390625,0.2493133544921875,0.038970947265625
1776820801328324000,6.040323974609375,0.9449615478515625,0.248687744140625,0.0477142333984375
1776820801338366000,6.050365966796875,0.9446868896484375,0.2529449462890625,0.0498046875
1776820801348408300,6.060408203125,0.958221435546875,0.2524566650390625,0.0496978759765625
1776820801358450200,6.0704501953125,0.9696197509765625,0.253997802734375,0.0466461181640625
1776820801368492000,6.080491943359375,0.9679412841796875,0.256103515625,0.0527496337890625
1776820801378533000,6.090533203125,0.9719696044921875,0.25616455078125,0.057647705078125
1776820801388575000,6.100574951171875,0.97027587890625,0.2618865966796875,0.0539398193359375
1776820801398617000,6.1106171875,0.973480224609375,0.2542572021484375,0.053253173828125
1776820801408659200,6.1206591796875,0.9678955078125,0.252655029296875,0.0543975830078125
1776820801418701000,6.130701171875,0.966400146484375,0.2493438720703125,0.05413818359375
1776820801428742100,6.1407421875,0.9658050537109375,0.244842529296875,0.057647705078125
1776820801438784000,6.150783935546875,0.965576171875,0.2523651123046875,0.0515594482421875
1776820801448826000,6.160826171875,0.9749908447265625,0.2568511962890625,0.044830322265625
1776820801458868000,6.170867919921875,0.9736480712890625,0.249481201171875,0.0538330078125
1776820801468910300,6.180910400390625,0.956390380859375,0.2438812255859375,0.0512847900390625
1776820801478952200,6.1909521484375,0.9488525390625,0.2390594482421875,0.04620361328125
1776820801488993300,6.2009931640625,0.9502105712890625,0.23455810546875,0.046722412109375
1776820801499035100,6.21103515625,0.9495086669921875,0.2237548828125,0.053680419921875
1776820801509077000,6.221076904296875,0.9447479248046875,0.22479248046875,0.052459716796875
1776820801519119000,6.231119140625,0.946990966796875,0.228851318359375,0.05157470703125
1776820801529161200,6.2411611328125,0.9556732177734375,0.2273712158203125,0.0534820556640625
1776820801539202300,6.251202392578125,0.9597930908203125,0.2253265380859375,0.050445556640625
1776820801549244200,6.261244140625,0.965850830078125,0.2283935546875,0.045440673828125
1776820801559286000,6.2712861328125,0.9721221923828125,0.226959228515625,0.041595458984375
1776820801569328000,6.281328125,0.95831298828125,0.2283477783203125,0.0437164306640625
1776820801579370000,6.291369873046875,0.950714111328125,0.2283172607421875,0.0455474853515625
1776820801589411000,6.3014111328125,0.9522247314453125,0.2283782958984375,0.040435791015625
1776820801599453200,6.311453125,0.9547271728515625,0.230926513671875,0.045166015625
1776820801609495000,6.3214951171875,0.964569091796875,0.2264251708984375,0.050018310546875
1776820801619537200,6.331537109375,0.956207275390625,0.23065185546875,0.0514373779296875
1776820801629579000,6.3415791015625,0.9556121826171875,0.2294464111328125,0.05755615234375
1776820801639620000,6.3516201171875,0.96319580078125,0.227630615234375,0.0590057373046875
1776820801649662000,6.361661865234375,0.977081298828125,0.2269134521484375,0.0509033203125
1776820801659704300,6.371704345703125,0.9828033447265625,0.2318878173828125,0.0375518798828125
1776820801669746200,6.38174609375,0.9797515869140625,0.2350921630859375,0.03558349609375
1776820801679788000,6.3917880859375,0.9669952392578125,0.23590087890625,0.032867431640625
1776820801689830100,6.401830078125,0.954498291015625,0.237579345703125,0.032806396484375
1776820801699871000,6.41187109375,0.945709228515625,0.2350616455078125,0.04364013671875
1776820801709913000,6.4219130859375,0.95245361328125,0.2284393310546875,0.045928955078125
1776820801719955200,6.431955078125,0.9759063720703125,0.2351226806640625,0.0389404296875
1776820801729997000,6.4419970703125,0.991851806640625,0.230560302734375,0.03680419921875
1776820801740039200,6.4520390625,0.98577880859375,0.225830078125,0.041595458984375
1776820801750080000,6.462080078125,0.97314453125,0.2256317138671875,0.0422515869140625
1776820801760122000,6.4721220703125,0.9618682861328125,0.2245635986328125,0.042816162109375
1776820801770164000,6.4821640625,0.95672607421875,0.21820068359375,0.0446929931640625
1776820801780206000,6.4922060546875,0.948333740234375,0.224334716796875,0.050018310546875
1776820801790248200,6.502248291015625,0.94696044921875,0.2269744873046875,0.0516815185546875
1776820801800290000,6.5122900390625,0.952239990234375,0.2275390625,0.0457305908203125
1776820801810331100,6.5223310546875,0.9568634033203125,0.2286834716796875,0.039947509765625
1776820801820373000,6.532373046875,0.9558563232421875,0.2310791015625,0.0338897705078125
1776820801830415000,6.5424150390625,0.9603271484375,0.2286529541015625,0.0348968505859375
1776820801840457200,6.552457275390625,0.96246337890625,0.2275848388671875,0.0435333251953125
1776820801850499000,6.5624990234375,0.9656219482421875,0.2290802001953125,0.0511627197265625
1776820801860541200,6.572541259765625,0.9703216552734375,0.2298126220703125,0.0519256591796875
1776820801870582000,6.58258203125,0.9680633544921875,0.2331085205078125,0.05157470703125
1776820801880624000,6.5926240234375,0.957550048828125,0.2324981689453125,0.0551910400390625
1776820801890666000,6.602666015625,0.948516845703125,0.232391357421875,0.0564727783203125
1776820801900708000,6.6127080078125,0.944976806640625,0.2352142333984375,0.055389404296875
1776820801910750200,6.622750244140625,0.9454193115234375,0.23504638671875,0.05242919921875
1776820801920792000,6.6327919921875,0.9482574462890625,0.2347564697265625,0.0457916259765625
1776820801930833200,6.642833251953125,0.954620361328125,0.2401885986328125,0.0384521484375
1776820801940875000,6.652875,0.9647369384765625,0.2420654296875,0.03570556640625
1776820801950917000,6.662917236328125,0.974273681640625,0.237518310546875,0.0383148193359375
1776820801960959200,6.672959228515625,0.9708251953125,0.2354583740234375,0.045013427734375
1776820801971001000,6.6830009765625,0.9659271240234375,0.234649658203125,0.0523681640625
1776820801981043200,6.693043212890625,0.965240478515625,0.235382080078125,0.046630859375
1776820801991084000,6.703083984375,0.962615966796875,0.23797607421875,0.0420074462890625
1776820802001126100,6.713126220703125,0.954010009765625,0.234466552734375,0.040740966796875
1776820802011168000,6.72316796875,0.95281982421875,0.232330322265625,0.035797119140625
1776820802021210000,6.733210205078125,0.95794677734375,0.23114013671875,0.0377197265625
1776820802031252200,6.743252197265625,0.9621124267578125,0.230865478515625,0.0363616943359375
1776820802041294000,6.753294189453125,0.9662322998046875,0.229095458984375,0.0377655029296875
1776820802051335200,6.763335205078125,0.97235107421875,0.225494384765625,0.0462188720703125
1776820802061377000,6.773376953125,0.977874755859375,0.22662353515625,0.0493621826171875
1776820802071419000,6.7834189453125,0.9784088134765625,0.2322998046875,0.056549072265625
1776820802081461800,6.793461669921875,0.9753570556640625,0.2290802001953125,0.0537567138671875
1776820802091503600,6.803503662109375,0.9612884521484375,0.23388671875,0.051055908203125
1776820802101545500,6.81354541015625,0.9549713134765625,0.239532470703125,0.045928955078125
1776820802111586600,6.823586669921875,0.9544525146484375,0.2435455322265625,0.0364227294921875
1776820802121628400,6.83362841796875,0.96112060546875,0.242645263671875,0.0287017822265625
1776820802131670800,6.8436708984375,0.9639739990234375,0.241302490234375,0.0263519287109375
1776820802141712600,6.853712646484375,0.9776458740234375,0.240081787109375,0.0318756103515625
1776820802151754500,6.86375439453125,0.9854583740234375,0.2394256591796875,0.045196533203125
1776820802161796600,6.873796630859375,0.9842987060546875,0.2336273193359375,0.0595550537109375
1776820802171837700,6.883837646484375,0.967498779296875,0.2344818115234375,0.065643310546875
1776820802181879600,6.893879638671875,0.9491119384765625,0.2418060302734375,0.055938720703125
1776820802191921700,6.903921630859375,0.938507080078125,0.2438507080078125,0.035064697265625
1776820802201963800,6.9139638671875,0.9460601806640625,0.243865966796875,0.0186309814453125
1776820802212005600,6.924005615234375,0.9611053466796875,0.2380218505859375,0.0169677734375
1776820802222047500,6.934047607421875,0.9624176025390625,0.2378387451171875,0.02691650390625
1776820802232089600,6.944089599609375,0.9627838134765625,0.2370758056640625,0.0323638916015625
1776820802242130400,6.95413037109375,0.96160888671875,0.23583984375,0.041839599609375
1776820802252172800,6.9641728515625,0.9485015869140625,0.2332916259765625,0.0621490478515625
1776820802262214700,6.974214599609375,0.93603515625,0.2277374267578125,0.068328857421875
1776820802272256500,6.984256591796875,0.9393768310546875,0.228607177734375,0.0584716796875
1776820802282298600,6.994298583984375,0.9528350830078125,0.2333221435546875,0.0516510009765625
1776820802292340500,7.004340576171875,0.9642333984375,0.2346343994140625,0.0518646240234375
1776820802302382600,7.014382568359375,0.9671630859375,0.2345733642578125,0.0493316650390625
1776820802312423700,7.024423583984375,0.9709625244140625,0.24041748046875,0.0385589599609375
1776820802322465500,7.034465576171875,0.9796295166015625,0.2451934814453125,0.03594970703125
1776820802332507600,7.044507568359375,0.9895477294921875,0.2419891357421875,0.0396881103515625
1776820802342549500,7.054549560546875,0.9854736328125,0.2520751953125,0.0403594970703125
1776820802352591600,7.064591552734375,0.985443115234375,0.2528228759765625,0.0509490966796875
1776820802362633700,7.0746337890625,0.98150634765625,0.2448883056640625,0.063507080078125
1776820802372675600,7.084675537109375,0.9730987548828125,0.2384033203125,0.072113037109375
1776820802382716700,7.094716552734375,0.9630126953125,0.23248291015625,0.0685272216796875
1776820802392758500,7.104758544921875,0.960693359375,0.2317657470703125,0.0542449951171875
1776820802402800600,7.114800537109375,0.95758056640625,0.234100341796875,0.04302978515625
1776820802412842500,7.124842529296875,0.9651336669921875,0.2362060546875,0.02880859375
1776820802422884600,7.134884521484375,0.9611358642578125,0.2420806884765625,0.0241241455078125
1776820802432926700,7.1449267578125,0.952789306640625,0.2349853515625,0.0357513427734375
1776820802442968600,7.154968505859375,0.944366455078125,0.2388916015625,0.03173828125
1776820802453009700,7.165009765625,0.95672607421875,0.2351531982421875,0.031951904296875
1776820802463051500,7.175051513671875,0.9581298828125,0.22576904296875,0.03448486328125
1776820802473093600,7.18509375,0.94580078125,0.2256317138671875,0.032501220703125
1776820802483135700,7.1951357421875,0.946441650390625,0.223663330078125,0.0303955078125
1776820802493177600,7.205177490234375,0.9563140869140625,0.2206878662109375,0.0262298583984375
1776820802503219700,7.2152197265625,0.96710205078125,0.2255401611328125,0.0274658203125
1776820802513261600,7.225261474609375,0.963287353515625,0.22332763671875,0.0320892333984375
1776820802523302700,7.235302734375,0.95697021484375,0.2223968505859375,0.033111572265625
1776820802533344500,7.245344482421875,0.9514617919921875,0.2297515869140625,0.0354766845703125
1776820802543386600,7.25538671875,0.95660400390625,0.22906494140625,0.0416412353515625
1776820802553428700,7.2654287109375,0.969879150390625,0.223663330078125,0.0443115234375
1776820802563470600,7.275470703125,0.9816741943359375,0.2280731201171875,0.04541015625
1776820802573512400,7.285512451171875,0.9810791015625,0.229248046875,0.0439910888671875
1776820802583554600,7.295554443359375,0.979278564453125,0.2289276123046875,0.038330078125
1776820802593596700,7.3055966796875,0.9734039306640625,0.2328338623046875,0.0390777587890625
1776820802603637800,7.3156376953125,0.9681854248046875,0.232208251953125,0.035308837890625
1776820802613679600,7.3256796875,0.9638671875,0.2281494140625,0.0319976806640625
1776820802623721500,7.335721435546875,0.953521728515625,0.2313232421875,0.038909912109375
1776820802633763600,7.345763671875,0.9444122314453125,0.22796630859375,0.041473388671875
1776820802643805400,7.355805419921875,0.96527099609375,0.2266387939453125,0.03179931640625
1776820802653847800,7.365847900390625,0.974578857421875,0.2288970947265625,0.0350494384765625
1776820802663889700,7.3758896484375,0.9686737060546875,0.2264862060546875,0.0387115478515625
1776820802673930800,7.3859306640625,0.97186279296875,0.23455810546875,0.03753662109375
1776820802683972600,7.39597265625,0.966094970703125,0.2337188720703125,0.049652099609375
1776820802694014500,7.406014404296875,0.964141845703125,0.2226104736328125,0.05499267578125
1776820802704056600,7.416056640625,0.966583251953125,0.225250244140625,0.05291748046875
1776820802714098700,7.4260986328125,0.95892333984375,0.22613525390625,0.05352783203125
1776820802724140500,7.436140625,0.9343414306640625,0.2226104736328125,0.0421295166015625
1776820802734182700,7.4461826171875,0.927734375,0.229400634765625,0.022369384765625
1776820802744224500,7.456224609375,0.9237213134765625,0.2329559326171875,0.0039520263671875
1776820802754266600,7.4662666015625,0.9156494140625,0.233917236328125,-0.0060882568359375
1776820802764307500,7.476307373046875,0.94549560546875,0.23748779296875,-0.012542724609375
1776820802774349600,7.486349609375,0.981658935546875,0.231414794921875,-0.0026092529296875
1776820802784391700,7.4963916015625,1.0133056640625,0.2216949462890625,0.0274200439453125
1776820802794433500,7.50643359375,1.010986328125,0.2227325439453125,0.0604248046875
1776820802804475600,7.5164755859375,0.997802734375,0.2153167724609375,0.0888824462890625
1776820802814517500,7.526517578125,0.96795654296875,0.221435546875,0.0921783447265625
1776820802824559600,7.5365595703125,0.9426116943359375,0.235382080078125,0.072662353515625
1776820802834601700,7.546601806640625,0.93951416015625,0.240692138671875,0.050079345703125
1776820802844642600,7.556642578125,0.9539642333984375,0.2443695068359375,0.0248565673828125
1776820802854684700,7.5666845703125,0.9753265380859375,0.24725341796875,0.0089111328125
1776820802864726500,7.5767265625,0.9754638671875,0.2484588623046875,0.011260986328125
1776820802874768400,7.586768310546875,0.9817047119140625,0.2338104248046875,0.02197265625
1776820802884810800,7.596810791015625,0.986785888671875,0.22943115234375,0.03314208984375
1776820802894852600,7.6068525390625,0.978759765625,0.23193359375,0.048980712890625
1776820802904894500,7.61689453125,0.9680938720703125,0.2313232421875,0.0601654052734375
1776820802914936600,7.6269365234375,0.95947265625,0.2323455810546875,0.0596160888671875
1776820802924978400,7.636978515625,0.9536285400390625,0.236419677734375,0.0543975830078125
1776820802935019500,7.64701953125,0.9512786865234375,0.2425689697265625,0.04437255859375
1776820802945061600,7.6570615234375,0.9587860107421875,0.2400054931640625,0.0315093994140625
1776820802955103700,7.667103759765625,0.964111328125,0.238037109375,0.0319366455078125
1776820802965145600,7.6771455078125,0.949371337890625,0.2415618896484375,0.03448486328125
1776820802975187500,7.6871875,0.949005126953125,0.2360382080078125,0.0320892333984375
1776820802985229600,7.6972294921875,0.956146240234375,0.2318572998046875,0.03216552734375
1776820802995271700,7.707271728515625,0.9670867919921875,0.2323455810546875,0.0355987548828125
1776820803005313500,7.7173134765625,0.96923828125,0.23095703125,0.0354766845703125
1776820803015355600,7.727355712890625,0.97161865234375,0.229034423828125,0.040130615234375
1776820803025397500,7.7373974609375,0.9612579345703125,0.2349395751953125,0.0444488525390625
1776820803035438600,7.7474384765625,0.96319580078125,0.23004150390625,0.042877197265625
1776820803045480400,7.75748046875,0.9689178466796875,0.22906494140625,0.04193115234375
1776820803055522600,7.7675224609375,0.9729156494140625,0.225311279296875,0.0415496826171875
1776820803065564700,7.777564697265625,0.976593017578125,0.222930908203125,0.035186767578125
1776820803075606500,7.7876064453125,0.974334716796875,0.221832275390625,0.0363616943359375
1776820803085648600,7.797648681640625,0.9587249755859375,0.2225341796875,0.0346221923828125
1776820803095689700,7.807689697265625,0.9514923095703125,0.2236785888671875,0.0330352783203125
1776820803105731800,7.81773193359375,0.949310302734375,0.2264251708984375,0.0323944091796875
1776820803115773700,7.827773681640625,0.9507904052734375,0.2197265625,0.043487548828125
1776820803125815600,7.837815673828125,0.9486083984375,0.229736328125,0.04486083984375
1776820803135856600,7.847856689453125,0.9614715576171875,0.2327423095703125,0.0430908203125
1776820803145898800,7.857898681640625,0.97320556640625,0.23150634765625,0.0413360595703125
1776820803155940900,7.86794091796875,0.9771575927734375,0.2352294921875,0.0371856689453125
1776820803165982700,7.877982666015625,0.9766387939453125,0.2319488525390625,0.03387451171875
1776820803176024600,7.888024658203125,0.967987060546875,0.23388671875,0.040557861328125
1776820803186066700,7.898066650390625,0.9542388916015625,0.23492431640625,0.042572021484375
1776820803196108800,7.90810888671875,0.953033447265625,0.2331695556640625,0.041168212890625
1776820803206150700,7.918150634765625,0.9603424072265625,0.232574462890625,0.0383453369140625
1776820803216192800,7.92819287109375,0.96099853515625,0.23760986328125,0.03436279296875
1776820803226234600,7.938234619140625,0.9556732177734375,0.2332916259765625,0.0294342041015625
1776820803236275700,7.948275634765625,0.9551239013671875,0.23565673828125,0.0303955078125
1776820803246317600,7.958317626953125,0.9622344970703125,0.23040771484375,0.034942626953125
1776820803256360000,7.96835986328125,0.9633026123046875,0.231964111328125,0.0355682373046875
1776820803266401800,7.97840185546875,0.9615325927734375,0.2357177734375,0.0375823974609375
1776820803276443600,7.988443603515625,0.9618988037109375,0.235565185546875,0.0452423095703125
1776820803286485800,7.99848583984375,0.964447021484375,0.2384185791015625,0.04827880859375
1776820803296527600,8.008527587890624,0.9716339111328125,0.2359161376953125,0.0408477783203125
1776820803306569700,8.01856982421875,0.987762451171875,0.237548828125,0.035980224609375
1776820803316611800,8.02861181640625,0.988800048828125,0.23748779296875,0.0325469970703125
1776820803326653700,8.03865380859375,0.983795166015625,0.233001708984375,0.0287322998046875
1776820803336695600,8.048695556640626,0.972076416015625,0.2329864501953125,0.027435302734375
1776820803346736600,8.058736572265625,0.95989990234375,0.236602783203125,0.0222930908203125
1776820803356778500,8.068778564453124,0.957733154296875,0.225860595703125,0.028839111328125
1776820803366820900,8.07882080078125,0.9524688720703125,0.2233734130859375,0.038909912109375
1776820803376862700,8.08886279296875,0.945770263671875,0.219207763671875,0.040985107421875
1776820803386904800,8.09890478515625,0.9395751953125,0.2199859619140625,0.03948974609375
1776820803396946700,8.10894677734375,0.9352264404296875,0.228271484375,0.02667236328125
1776820803406988500,8.118988525390625,0.945465087890625,0.2276458740234375,0.0204315185546875
1776820803417031000,8.129031005859375,0.9511566162109375,0.2262725830078125,0.0139617919921875
1776820803427072800,8.13907275390625,0.9717559814453125,0.2276458740234375,0.017303466796875
1776820803437114600,8.149114501953125,0.9773712158203125,0.2251434326171875,0.0280303955078125
1776820803447156700,8.15915673828125,0.9722747802734375,0.2235870361328125,0.039306640625
1776820803457197600,8.169197509765626,0.969696044921875,0.2285003662109375,0.045013427734375
1776820803467239700,8.17923974609375,0.97332763671875,0.229156494140625,0.0528717041015625
1776820803477281800,8.18928173828125,0.9670867919921875,0.224822998046875,0.0554656982421875
1776820803487323600,8.19932373046875,0.9644012451171875,0.233306884765625,0.0499267578125
1776820803497365800,8.20936572265625,0.964630126953125,0.2327728271484375,0.04132080078125
1776820803507407600,8.21940771484375,0.9627532958984375,0.2367095947265625,0.0333709716796875
1776820803517449700,8.22944970703125,0.97015380859375,0.237762451171875,0.022796630859375
1776820803527491800,8.239491943359376,0.9801177978515625,0.23895263671875,0.01361083984375
1776820803537533700,8.24953369140625,0.97943115234375,0.2371063232421875,0.021240234375
1776820803547575800,8.259575927734375,0.9726715087890625,0.23193359375,0.0317230224609375
1776820803557617700,8.26961767578125,0.9559478759765625,0.234619140625,0.0326995849609375
1776820803567659500,8.279659423828125,0.9468231201171875,0.2281951904296875,0.037689208984375
1776820803577700600,8.28970068359375,0.944488525390625,0.224517822265625,0.033935546875
1776820803587742700,8.29974267578125,0.9495849609375,0.23004150390625,0.0289459228515625
1776820803597784800,8.309784912109375,0.965576171875,0.22821044921875,0.0301971435546875
1776820803607826700,8.31982666015625,0.9762420654296875,0.22845458984375,0.0308837890625
1776820803617868500,8.32986865234375,0.9828643798828125,0.229522705078125,0.030517578125
1776820803627910700,8.33991064453125,0.9778900146484375,0.22906494140625,0.036651611328125
1776820803637952800,8.349952880859375,0.964599609375,0.2347412109375,0.0348968505859375
1776820803647995000,8.359994873046874,0.958343505859375,0.2323150634765625,0.033416748046875
1776820803658036700,8.37003662109375,0.9633941650390625,0.2295989990234375,0.0372467041015625
1776820803668078600,8.38007861328125,0.964569091796875,0.2239990234375,0.0400543212890625
1776820803678121000,8.390120849609374,0.9581451416015625,0.2293701171875,0.03851318359375
1776820803688162800,8.400162841796876,0.9568328857421875,0.23077392578125,0.0307769775390625
1776820803698204000,8.410203857421875,0.9630279541015625,0.2264556884765625,0.0286102294921875
1776820803708245800,8.420245849609374,0.9754791259765625,0.2230377197265625,0.0321807861328125
1776820803718287600,8.43028759765625,0.9757843017578125,0.2253570556640625,0.0321502685546875
1776820803728329700,8.440329833984375,0.96990966796875,0.2263336181640625,0.0341339111328125
1776820803738371800,8.450371826171875,0.9610748291015625,0.2296600341796875,0.0311737060546875
1776820803748413700,8.46041357421875,0.959320068359375,0.2290802001953125,0.0275726318359375
1776820803758455800,8.470455810546875,0.96087646484375,0.235107421875,0.0332489013671875
1776820803768497700,8.48049755859375,0.96148681640625,0.2350921630859375,0.04327392578125
1776820803778539800,8.490539794921874,0.957916259765625,0.234222412109375,0.0542144775390625
1776820803788582000,8.500581787109375,0.944122314453125,0.234710693359375,0.0353851318359375
1776820803798623700,8.510623779296875,0.94573974609375,0.2397003173828125,0.0066070556640625
1776820803808665900,8.520665771484374,0.9524993896484375,0.237274169921875,0.0009307861328125
1776820803818707700,8.530707763671876,0.96551513671875,0.2298126220703125,0.0076904296875
1776820803828748800,8.540748779296875,0.9779815673828125,0.2332916259765625,0.019378662109375
1776820803838790700,8.550790771484374,0.9887237548828125,0.2283935546875,0.0343780517578125
1776820803848832800,8.560832763671876,0.98931884765625,0.22735595703125,0.044921875
1776820803858875000,8.570875,0.9870452880859375,0.2235565185546875,0.0552520751953125
1776820803868916700,8.580916748046874,0.9734954833984375,0.222625732421875,0.0572967529296875
1776820803878958600,8.59095849609375,0.9577789306640625,0.2218170166015625,0.0490570068359375
1776820803889000700,8.601000732421875,0.9461669921875,0.2203826904296875,0.037841796875
1776820803899042800,8.611042724609375,0.9479217529296875,0.222869873046875,0.0281219482421875
1776820803909084700,8.621084716796876,0.95562744140625,0.2187652587890625,0.020263671875
1776820803919126800,8.631126708984375,0.959014892578125,0.2167205810546875,0.0168304443359375
1776820803929168600,8.641168701171875,0.961578369140625,0.21441650390625,0.0179901123046875
1776820803939210800,8.651210693359374,0.9660186767578125,0.213226318359375,0.0240020751953125
1776820803949252900,8.6612529296875,0.9714508056640625,0.2125701904296875,0.03076171875
1776820803959294700,8.671294677734375,0.9743804931640625,0.217071533203125,0.0367431640625
1776820803969335800,8.681335693359374,0.9739532470703125,0.2191314697265625,0.0424652099609375
1776820803979377700,8.691377685546875,0.9724273681640625,0.22332763671875,0.037933349609375
1776820803989419800,8.701419677734375,0.969146728515625,0.2269439697265625,0.027923583984375
1776820803999461600,8.711461669921874,0.964508056640625,0.22845458984375,0.0155181884765625
1776820804009503700,8.721503662109376,0.9672698974609375,0.2300872802734375,0.0099029541015625
1776820804019545900,8.7315458984375,0.9750823974609375,0.2250518798828125,0.015777587890625
1776820804029587700,8.741587646484374,0.9701995849609375,0.2208099365234375,0.0266571044921875
1776820804039629800,8.7516298828125,0.9658355712890625,0.2208099365234375,0.0332489013671875
1776820804049671700,8.761671630859375,0.9593048095703125,0.2223052978515625,0.036376953125
1776820804059713800,8.7717138671875,0.9538116455078125,0.2222900390625,0.0379180908203125
1776820804069756000,8.781755859375,0.9535675048828125,0.223663330078125,0.038055419921875
1776820804079797800,8.7917978515625,0.9591064453125,0.2275238037109375,0.0323486328125
1776820804089839900,8.80183984375,0.9651336669921875,0.2330780029296875,0.024200439453125
1776820804099882200,8.81188232421875,0.971099853515625,0.235382080078125,0.021697998046875
1776820804109924000,8.821924072265626,0.9741973876953125,0.23541259765625,0.0261077880859375
1776820804119966000,8.831966064453125,0.968597412109375,0.2361907958984375,0.02978515625
1776820804130007000,8.842007080078124,0.964935302734375,0.2325439453125,0.03173828125
1776820804140049000,8.852048828125,0.9617462158203125,0.2317657470703125,0.033050537109375
1776820804150091000,8.862091064453125,0.963592529296875,0.2312774658203125,0.0344696044921875
1776820804160133000,8.872133056640624,0.9653167724609375,0.22509765625,0.03564453125
1776820804170175000,8.882175048828126,0.9611663818359375,0.225830078125,0.03173828125
1776820804180217000,8.892217041015625,0.962249755859375,0.22998046875,0.026824951171875
1776820804190259000,8.902259033203125,0.9591064453125,0.2248687744140625,0.028106689453125
1776820804200301000,8.912301025390626,0.955841064453125,0.222381591796875,0.0294036865234375
1776820804210343200,8.92234326171875,0.9516754150390625,0.2229461669921875,0.0313720703125
1776820804220385000,8.932385009765625,0.9528961181640625,0.2228240966796875,0.0287933349609375
1776820804230427100,8.94242724609375,0.9592742919921875,0.2266998291015625,0.027374267578125
1776820804240469000,8.952468994140625,0.971649169921875,0.2268829345703125,0.02825927734375
1776820804250510800,8.9625107421875,0.9762725830078125,0.22735595703125,0.02899169921875
1776820804260553200,8.97255322265625,0.9825592041015625,0.23114013671875,0.0316162109375
1776820804270595000,8.982594970703126,0.9836273193359375,0.230224609375,0.03082275390625
1776820804280637000,8.992636962890625,0.979644775390625,0.2300567626953125,0.029083251953125
1776820804290678000,9.002677978515624,0.972991943359375,0.2304229736328125,0.0294342041015625
1776820804300719900,9.012719970703126,0.964263916015625,0.2303314208984375,0.0308837890625
1776820804310762000,9.022761962890625,0.9495391845703125,0.2306365966796875,0.031951904296875
1776820804320804000,9.03280419921875,0.9500885009765625,0.22686767578125,0.0263519287109375
1776820804330846000,9.042845947265626,0.958709716796875,0.2233428955078125,0.0250244140625
1776820804340888000,9.05288818359375,0.9633941650390625,0.2266693115234375,0.0227813720703125
1776820804350930000,9.062929931640625,0.96600341796875,0.2234344482421875,0.016998291015625
1776820804360972000,9.072971923828124,0.961578369140625,0.221893310546875,0.0216217041015625
1776820804371014100,9.08301416015625,0.956451416015625,0.223907470703125,0.0234832763671875
1776820804381056000,9.093055908203125,0.955078125,0.2244873046875,0.025146484375
1776820804391098000,9.10309814453125,0.9638824462890625,0.222137451171875,0.0270843505859375
1776820804401140000,9.113139892578126,0.969757080078125,0.2249298095703125,0.0267486572265625
1776820804411181800,9.123181884765625,0.9689483642578125,0.222930908203125,0.02777099609375
1776820804421224200,9.13322412109375,0.964630126953125,0.22259521484375,0.02642822265625
1776820804431266000,9.14326611328125,0.977020263671875,0.2230377197265625,0.0283355712890625
1776820804441308000,9.153307861328125,0.98309326171875,0.2259368896484375,0.032257080078125
1776820804451350000,9.16335009765625,0.9904937744140625,0.2288665771484375,0.0344696044921875
1776820804461392000,9.173391845703126,0.97552490234375,0.2346649169921875,0.046661376953125
1776820804471433000,9.183432861328125,0.9521636962890625,0.22528076171875,0.0568389892578125
1776820804481475000,9.19347509765625,0.9286956787109375,0.2215728759765625,0.034393310546875
1776820804491517200,9.20351708984375,0.922698974609375,0.2283935546875,0.00653076171875
1776820804501559000,9.21355908203125,0.923614501953125,0.23590087890625,-0.020904541015625
1776820804511601000,9.223600830078125,0.927703857421875,0.230377197265625,-0.038543701171875
1776820804521643000,9.23364306640625,0.960693359375,0.2324676513671875,-0.045684814453125
1776820804531685000,9.24368505859375,0.99310302734375,0.23895263671875,-0.0317230224609375
1776820804541727000,9.25372705078125,1.0083770751953125,0.21661376953125,0.0113983154296875
